,Mean,Standard Deviation,Interquartile Range
TSG_TEMP,8.146540624999998,6.7479875725117004,11.76885
TSG_SALINITY,33.11055267857143,1.1401502943531119,1.2725749999999962
